{
    "validation": {
        "accuracy": 0.8355510752688172,
        "precision": 0.8380267959461456,
        "recall": 0.8355510752688172,
        "f1": 0.8325781197845395
    },
    "test": {
        "accuracy": 0.858905160390516,
        "precision": 0.8642415767271899,
        "recall": 0.858905160390516,
        "f1": 0.8584269240729501
    }
}